熱門網頁,點擊,曝光,點閱率,排名
https://e3center.caece.net/,218,14401,1.51%,8.59
https://e3center.caece.net/members/iyunlisahsieh/,11,187,5.88%,6.16
https://e3center.caece.net/news/,9,362,2.49%,5.13
https://e3center.caece.net/members/yutinghuang/,5,67,7.46%,8.57
https://e3center.caece.net/members/chenghsiangshei/,3,35,8.57%,6.8
https://e3center.caece.net/members/anchingchung,3,7,42.86%,3
https://e3center.caece.net/members/,2,84,2.38%,9.93
https://e3center.caece.net/members/r11521604/,2,67,2.99%,7.63
https://e3center.caece.net/members/yuanhsichien,2,33,6.06%,7.67
https://e3center.caece.net/members/yiyayu/,2,10,20%,4.5
https://e3center.caece.net/publications/,1,119,0.84%,8.86
https://e3center.caece.net/news/2026-ntu-ug-joint-seminar/,1,50,2%,7.14
https://e3center.caece.net/contact,1,33,3.03%,5.21
https://e3center.caece.net/members/yuanhsichien/,1,22,4.55%,7.36
https://e3center.caece.net/members/jianhernyeoh/,1,15,6.67%,5.47
https://e3center.caece.net/members/weichuntseng/,1,15,6.67%,8.67
https://e3center.caece.net/members/weichuntseng,1,9,11.11%,5.33
https://e3center.caece.net/news/2026-cgs-outstanding-award/,1,6,16.67%,5.83
https://e3center.caece.net/members/shuochenli/,1,5,20%,5.8
https://e3center.caece.net/members/yufangshen,1,1,100%,5
https://e3center.caece.net/members/hungjuilin/,0,36,0%,7.11
https://e3center.caece.net/publications/2026-boiler-air-pollution-taiwan/,0,35,0%,22.31
https://e3center.caece.net/publications/2026-super-resolution-wind-mapping/,0,20,0%,9.5
https://e3center.caece.net/members/yutinghuang,0,16,0%,8.12
https://e3center.caece.net/Solar-PV-on-Bus-Shelter/,0,15,0%,26.27
https://e3center.caece.net/publications/2023-v2b-nearly-zero-energy-buildings/,0,14,0%,6.79
https://e3center.caece.net/publications/2026-pod-last-mile-logistics-lca/,0,13,0%,6.77
https://e3center.caece.net/publications/2026-hsr-sector-decarbonization/,0,11,0%,6.91
https://e3center.caece.net/members/junweiding/,0,11,0%,7.36
https://e3center.caece.net/contact/,0,10,0%,3.7
https://e3center.caece.net/news/2026-wego-bootcamp/,0,10,0%,5.9
https://e3center.caece.net/projects/,0,9,0%,5.11
https://e3center.caece.net/publications/2024-ev-recharging-cost-china/,0,9,0%,5.78
https://e3center.caece.net/members/yujuichang/,0,7,0%,4.14
https://e3center.caece.net/members/chihyilu/,0,7,0%,8
https://e3center.caece.net/projects,0,6,0%,4.67
https://e3center.caece.net/members/houchuanchen/,0,5,0%,4.4
https://e3center.caece.net/members/shuochenli,0,5,0%,8.2
https://e3center.caece.net/members/yifangchang/,0,5,0%,9.8
https://e3center.caece.net/group-life,0,4,0%,7.25
https://e3center.caece.net/publications/2025-urban-energy-flows-v2b-optimization/,0,4,0%,9
https://e3center.caece.net/members/chunhaohuang/,0,4,0%,9.75
https://e3center.caece.net/members/anchingchung/,0,3,0%,4
https://e3center.caece.net/news/2026-focus-news/,0,3,0%,5.33
https://e3center.caece.net/members/chonmantam/,0,3,0%,6
https://e3center.caece.net/members/higashimasaki/,0,3,0%,6.33
https://e3center.caece.net/members/yifangchang,0,3,0%,9
https://e3center.caece.net/members/enyichou,0,2,0%,3
https://e3center.caece.net/members/yufangshen/,0,2,0%,8
https://e3center.caece.net/group-life/,0,2,0%,14
https://e3center.caece.net/members/higashimasaki,0,1,0%,2
https://e3center.caece.net/members/enyichou/,0,1,0%,7
https://e3center.caece.net/members/kaiyunlo/,0,1,0%,7
https://e3center.caece.net/members/yugoimoto/,0,1,0%,7
https://e3center.caece.net/members/tingyelin/,0,1,0%,9
https://e3center.caece.net/assets/images/e3-logo-text.svg,0,1,0%,33